Question,Option A,Option B,Option C,Option D,Category
How did the film 'Parasite' effectively use the physical space (upstairs vs. basement) to symbolize class struggle?,Didn't Watch,Disliked It,Liked It,Loved It,International Thrillers
Did you appreciate the film 'Dune: Part Two's' adaptation of Paul Atreides' descent into a messianic military leader?,Didn't Watch,Disliked It,Liked It,Loved It,Science Fiction Epics
How well did the film 'Barbie' balance its feminist themes and satirical critique of the patriarchy with its commercial comedy elements?,Didn't Watch,Disliked It,Liked It,Loved It,Blockbuster Comedy
Did Christopher Nolan's use of black and white vs. color cinematography enhance the narrative separation between J. Robert Oppenheimer's personal life and the political hearings?,Didn't Watch,Disliked It,Liked It,Loved It,Biographical Drama
How compelling was the narrative of 'The Social Network' in portraying Mark Zuckerberg as a tragic figure driven by social insecurity?,Didn't Watch,Disliked It,Liked It,Loved It,Tech/Modern Classics
Could you easily follow the different levels of dreams and time dilation within the heist structure of the film 'Inception'?,Didn't Watch,Disliked It,Liked It,Loved It,Mind-Bending Action
How enchanting was the mythical world and the themes of growing up and memory presented in the Hayao Miyazaki classic 'Spirited Away'?,Didn't Watch,Disliked It,Liked It,Loved It,Animated Classics
"Did you enjoy 'The Grand Budapest Hotel's' distinct visual style, including its meticulous set design and use of changing aspect ratios?",Didn't Watch,Disliked It,Liked It,Loved It,Wes Anderson Films
"How effective was George Miller's commitment to practical effects, minimal dialogue, and near-constant high-speed action in 'Mad Max: Fury Road'?",Didn't Watch,Disliked It,Liked It,Loved It,Post-Apocalyptic Action
Did you find the film's frenetic pacing and exploration of existential dread through the Multiverse concept to be emotionally resonant?,Didn't Watch,Disliked It,Liked It,Loved It,Indie Sci-Fi
How well did 'The Lord of the Rings: The Fellowship of the Ring' establish the epic scope and emotional weight of Frodo Baggins' journey?,Didn't Watch,Disliked It,Liked It,Loved It,Fantasy Epics
"Did the non-linear narrative structure and sharp, pop culture-infused dialogue of Quentin Tarantino's 'Pulp Fiction' enhance your viewing experience?",Didn't Watch,Disliked It,Liked It,Loved It,Crime Classics
"How captivating was the simple, dialogue-driven chemistry between Jesse and Céline during their single night in Vienna in 'Before Sunrise'?",Didn't Watch,Disliked It,Liked It,Loved It,Romantic Dramas
How effectively did Jordan Peele use horror tropes and satire to explore racial prejudice and appropriation in the film 'Get Out'?,Didn't Watch,Disliked It,Liked It,Loved It,Modern Horror/Thriller
"How profound was the film 'Arrival's' exploration of language, time, and human connection during the alien encounter?",Didn't Watch,Disliked It,Liked It,Loved It,Contemplative Sci-Fi
Did the moral ambiguities and rapid-fire dialogue of 'Citizen Kane' keep you engaged with Charles Foster Kane's character arc?,Didn't Watch,Disliked It,Liked It,Loved It,Classic Cinema
How did the limited set design and confined space of '12 Angry Men' amplify the tension and focus on the judicial process?,Didn't Watch,Disliked It,Liked It,Loved It,Classic Cinema
Did the dramatic plot twists and iconic performance of Humphrey Bogart define 'Casablanca' as a timeless classic for you?,Didn't Watch,Disliked It,Liked It,Loved It,Classic Cinema
How captivating was the silent era storytelling and use of shadow/light in F.W. Murnau's 'Nosferatu'?,Didn't Watch,Disliked It,Liked It,Loved It,Classic Cinema
Did you appreciate the visual spectacle and groundbreaking special effects of Stanley Kubrick's '2001: A Space Odyssey'?,Didn't Watch,Disliked It,Liked It,Loved It,Classic Cinema
How well did 'Sunset Boulevard' satirize the Hollywood system and explore the darker side of fame and obsession?,Didn't Watch,Disliked It,Liked It,Loved It,Classic Cinema
Was the use of deep focus and long takes in Orson Welles' 'Touch of Evil' effective in building noir tension?,Didn't Watch,Disliked It,Liked It,Loved It,Classic Cinema
How did 'Psycho's' revolutionary narrative structure and shocking twists influence your perception of the thriller genre?,Didn't Watch,Disliked It,Liked It,Loved It,Classic Cinema
Did the emotional depth and themes of forgiveness resonate with you in 'It's a Wonderful Life'?,Didn't Watch,Disliked It,Liked It,Loved It,Classic Cinema
How did 'The Seven Samurai' influence modern action filmmaking through its distinct character archetypes and tactical structure?,Didn't Watch,Disliked It,Liked It,Loved It,Classic Cinema
Did the epic scale and sweeping romance of 'Lawrence of Arabia' justify its lengthy runtime?,Didn't Watch,Disliked It,Liked It,Loved It,Classic Cinema
How did Charlie Chaplin blend comedy and social commentary in his silent masterpiece 'City Lights'?,Didn't Watch,Disliked It,Liked It,Loved It,Classic Cinema
Did the witty script and subversion of genre tropes in 'Singin' in the Rain' make it an enjoyable musical?,Didn't Watch,Disliked It,Liked It,Loved It,Classic Cinema
How effective was the use of expressionism and psychological horror in 'The Cabinet of Dr. Caligari'?,Didn't Watch,Disliked It,Liked It,Loved It,Classic Cinema
Did the iconic introduction of the titular character and the use of the sled 'Rosebud' make for a compelling narrative reveal in 'Citizen Kane'?,Didn't Watch,Disliked It,Liked It,Loved It,Classic Cinema
How memorable was the performance of Marlon Brando in depicting the slow moral decline of Terry Malloy in 'On the Waterfront'?,Didn't Watch,Disliked It,Liked It,Loved It,Classic Cinema
Did the pioneering use of Technicolor and fantastical world-building of 'The Wizard of Oz' stand the test of time for you?,Didn't Watch,Disliked It,Liked It,Loved It,Classic Cinema
How did the suspense build through Alfred Hitchcock's meticulous staging in the confined space of 'Rear Window'?,Didn't Watch,Disliked It,Liked It,Loved It,Classic Cinema
Was the critique of consumerism and existential angst in Federico Fellini's '8½' compelling?,Didn't Watch,Disliked It,Liked It,Loved It,Classic Cinema
Did the moral dilemma of the protagonist resonate with you in Akira Kurosawa's 'Rashomon'?,Didn't Watch,Disliked It,Liked It,Loved It,Classic Cinema
How effectively did 'The Dark Knight' utilize its themes of chaos vs. order through the conflict between Batman and the Joker?,Didn't Watch,Disliked It,Liked It,Loved It,Action/Thriller
Did you appreciate the technical mastery of the one-shot illusion used throughout Sam Mendes' '1917'?,Didn't Watch,Disliked It,Liked It,Loved It,Action/Thriller
How well did the intricate plotting and political paranoia drive the narrative of 'Tinker Tailor Soldier Spy'?,Didn't Watch,Disliked It,Liked It,Loved It,Action/Thriller
Was the sustained tension and realism of the heist sequence the highlight of Michael Mann's 'Heat'?,Didn't Watch,Disliked It,Liked It,Loved It,Action/Thriller
"How satisfying was the combination of mythology, action, and character development in 'Black Panther'?",Didn't Watch,Disliked It,Liked It,Loved It,Action/Thriller
Did the choreography of the pencil scene and the relentless pacing of 'John Wick' redefine the modern action genre for you?,Didn't Watch,Disliked It,Liked It,Loved It,Action/Thriller
How engaging was the high-stakes cat-and-mouse game between law enforcement and the criminal mastermind in 'Catch Me If You Can'?,Didn't Watch,Disliked It,Liked It,Loved It,Action/Thriller
Did the film 'No Country for Old Men' successfully subvert typical thriller expectations with its ambiguous ending and philosophical themes?,Didn't Watch,Disliked It,Liked It,Loved It,Action/Thriller
How effective was the minimalist sound design and oppressive atmosphere in creating tension in 'A Quiet Place'?,Didn't Watch,Disliked It,Liked It,Loved It,Action/Thriller
Did the blend of practical and CGI effects create a believable and terrifying dinosaur world in the original 'Jurassic Park'?,Didn't Watch,Disliked It,Liked It,Loved It,Action/Thriller
How innovative was the use of limited perspectives and fragmented storytelling in the thriller 'Memento'?,Didn't Watch,Disliked It,Liked It,Loved It,Action/Thriller
"Did the tight, claustrophobic submarine setting enhance the feeling of suspense in 'Das Boot'?",Didn't Watch,Disliked It,Liked It,Loved It,Action/Thriller
"How well did the film 'Zero Dark Thirty' handle the decade-long pursuit of Osama bin Laden, focusing on the intelligence aspect?",Didn't Watch,Disliked It,Liked It,Loved It,Action/Thriller
Was the sustained pressure and ethical dilemma surrounding the captain's decision compelling in 'Captain Phillips'?,Didn't Watch,Disliked It,Liked It,Loved It,Action/Thriller
"How did the intense, close-quarters combat feel in the remake of 'Dredd'?",Didn't Watch,Disliked It,Liked It,Loved It,Action/Thriller
Did the blurring of hero/villain lines elevate the storytelling in the modern western 'Logan'?,Didn't Watch,Disliked It,Liked It,Loved It,Action/Thriller
How well did the complex time travel mechanics and character relationships serve the plot of 'Looper'?,Didn't Watch,Disliked It,Liked It,Loved It,Action/Thriller
Did the use of non-CGI gore and unsettling atmosphere make 'A History of Violence' a memorable thriller?,Didn't Watch,Disliked It,Liked It,Loved It,Action/Thriller
How did the psychological pressure on the main character amplify the tension in the space thriller 'Gravity'?,Didn't Watch,Disliked It,Liked It,Loved It,Action/Thriller
"Did the film 'Extraction' manage to maintain exciting, seamless action choreography throughout its runtime?",Didn't Watch,Disliked It,Liked It,Loved It,Action/Thriller
How deeply did the ethical questions surrounding artificial intelligence and humanity's future resonate with you in 'Blade Runner'?,Didn't Watch,Disliked It,Liked It,Loved It,Sci-Fi/Cyberpunk
"Did 'Children of Men' succeed in creating a bleak, realistic vision of a collapsing society through its incredible long takes?",Didn't Watch,Disliked It,Liked It,Loved It,Sci-Fi/Cyberpunk
How well did the film 'Ex Machina' explore the complexities of human-AI relationships and the nature of consciousness?,Didn't Watch,Disliked It,Liked It,Loved It,Sci-Fi/Cyberpunk
Was the visual design and world-building of the Neo-London in 'Brazil' captivating?,Didn't Watch,Disliked It,Liked It,Loved It,Sci-Fi/Cyberpunk
Did you find the narrative surrounding memory and self-discovery compelling in the original 'Total Recall'?,Didn't Watch,Disliked It,Liked It,Loved It,Sci-Fi/Cyberpunk
How effectively did 'Gattaca' critique genetic determinism and the concept of an 'ideal' human?,Didn't Watch,Disliked It,Liked It,Loved It,Sci-Fi/Cyberpunk
Did the minimalist design and psychological horror of 'Alien' maintain its suspense throughout?,Didn't Watch,Disliked It,Liked It,Loved It,Sci-Fi/Cyberpunk
How did the theme of corporate exploitation and colonialism add layers to the action in 'Avatar'?,Didn't Watch,Disliked It,Liked It,Loved It,Sci-Fi/Cyberpunk
Did the mind-bending time travel paradoxes and character dynamics make '12 Monkeys' an engaging watch?,Didn't Watch,Disliked It,Liked It,Loved It,Sci-Fi/Cyberpunk
How profound were the philosophical implications of immortality and self-identity in 'The Fountain'?,Didn't Watch,Disliked It,Liked It,Loved It,Sci-Fi/Cyberpunk
Did the use of surveillance and control techniques in 'Minority Report' feel relevant to modern society?,Didn't Watch,Disliked It,Liked It,Loved It,Sci-Fi/Cyberpunk
How well did the 'Matrix' trilogy blend martial arts action with philosophical concepts of reality and choice?,Didn't Watch,Disliked It,Liked It,Loved It,Sci-Fi/Cyberpunk
Did the dystopian world of 'A Clockwork Orange' successfully provoke thought about free will and social conditioning?,Didn't Watch,Disliked It,Liked It,Loved It,Sci-Fi/Cyberpunk
How did the exploration of morality and the value of non-human life affect you in 'Blade Runner 2049'?,Didn't Watch,Disliked It,Liked It,Loved It,Sci-Fi/Cyberpunk
Did the realistic depiction of space travel and the isolation of the crew make 'Sunshine' a strong sci-fi horror film?,Didn't Watch,Disliked It,Liked It,Loved It,Sci-Fi/Cyberpunk
How did the film 'Metropolis' use its visual allegory to comment on industrialization and class divisions?,Didn't Watch,Disliked It,Liked It,Loved It,Sci-Fi/Cyberpunk
Did the concept of virtual reality and corporate control feel terrifyingly plausible in 'eXistenZ'?,Didn't Watch,Disliked It,Liked It,Loved It,Sci-Fi/Cyberpunk
"How well did the film 'Primer' manage its complex, low-budget time travel narrative?",Didn't Watch,Disliked It,Liked It,Loved It,Sci-Fi/Cyberpunk
Did the themes of memory loss and eternal love resonate with you in 'Eternal Sunshine of the Spotless Mind'?,Didn't Watch,Disliked It,Liked It,Loved It,Sci-Fi/Cyberpunk
How did the depiction of human rebellion against robotic rule in 'Terminator 2: Judgment Day' hold up as an action epic?,Didn't Watch,Disliked It,Liked It,Loved It,Sci-Fi/Cyberpunk
"How effectively did 'Saving Private Ryan' portray the visceral, chaotic reality of the D-Day landing?",Didn't Watch,Disliked It,Liked It,Loved It,Historical Epics/War
Did the moral and ethical cost of leadership resonate with you in the film 'Gladiator'?,Didn't Watch,Disliked It,Liked It,Loved It,Historical Epics/War
How well did 'Schindler's List' capture the tragedy of the Holocaust while focusing on individual acts of heroism?,Didn't Watch,Disliked It,Liked It,Loved It,Historical Epics/War
Was the character development and exploration of trauma compelling in 'Apocalypse Now'?,Didn't Watch,Disliked It,Liked It,Loved It,Historical Epics/War
How accurately did 'All Quiet on the Western Front' (2022) convey the brutal futility of trench warfare?,Didn't Watch,Disliked It,Liked It,Loved It,Historical Epics/War
Did you appreciate the attention to historical detail and tactical complexity in 'Gettysburg'?,Didn't Watch,Disliked It,Liked It,Loved It,Historical Epics/War
How well did the narrative of 'Braveheart' balance historical inaccuracies with compelling dramatic storytelling?,Didn't Watch,Disliked It,Liked It,Loved It,Historical Epics/War
Was the use of non-actors and documentary style effective in depicting the Soviet response to Chernobyl in the TV series (often viewed as a single epic)?,Didn't Watch,Disliked It,Liked It,Loved It,Historical Epics/War
How engaging was the naval warfare and political maneuvering in 'Master and Commander: The Far Side of the World'?,Didn't Watch,Disliked It,Liked It,Loved It,Historical Epics/War
"Did the film 'Dunkirk' succeed in its non-linear, suspense-driven approach to a historical evacuation?",Didn't Watch,Disliked It,Liked It,Loved It,Historical Epics/War
How did the exploration of cultural assimilation and identity impact your viewing of 'The Last Samurai'?,Didn't Watch,Disliked It,Liked It,Loved It,Historical Epics/War
Did you find the political intrigue and assassination attempt compelling in 'JFK'?,Didn't Watch,Disliked It,Liked It,Loved It,Historical Epics/War
"How well did 'Troy' adapt the Homeric epic, focusing on the human drama over the divine intervention?",Didn't Watch,Disliked It,Liked It,Loved It,Historical Epics/War
Was the depiction of the American Civil War and the struggles of the infantry compelling in 'Glory'?,Didn't Watch,Disliked It,Liked It,Loved It,Historical Epics/War
How did the exploration of pacifism vs. duty affect your appreciation of 'Hacksaw Ridge'?,Didn't Watch,Disliked It,Liked It,Loved It,Historical Epics/War
Did you feel the scale and tragedy of the conflict conveyed in 'The Bridge on the River Kwai'?,Didn't Watch,Disliked It,Liked It,Loved It,Historical Epics/War
How well did 'Ran' adapt Shakespeare's King Lear into a visually stunning feudal Japanese epic?,Didn't Watch,Disliked It,Liked It,Loved It,Historical Epics/War
Was the theme of journalistic ethics and the power of the press compelling in 'Spotlight'?,Didn't Watch,Disliked It,Liked It,Loved It,Historical Epics/War
How effectively did 'Malcolm X' trace the evolution of the civil rights leader's ideology?,Didn't Watch,Disliked It,Liked It,Loved It,Historical Epics/War
Did the personal story of survival and transformation resonate with you in 'Life Is Beautiful'?,Didn't Watch,Disliked It,Liked It,Loved It,Historical Epics/War
How impactful was the exploration of the world's diminishing coral reefs in the documentary 'Chasing Coral'?,Didn't Watch,Disliked It,Liked It,Loved It,Documentaries
"Did you find the intimate, fly-on-the-wall perspective of a musical genius compelling in 'Amy' (Amy Winehouse documentary)?",Didn't Watch,Disliked It,Liked It,Loved It,Documentaries
How well did the documentary 'Free Solo' capture the immense psychological and physical risk of Alex Honnold's climb?,Didn't Watch,Disliked It,Liked It,Loved It,Documentaries
"Was the investigation into the ethics and practices of the food industry shocking in 'Food, Inc.'?",Didn't Watch,Disliked It,Liked It,Loved It,Documentaries
How effective was the use of archival footage and interviews in tracing the history of the Apollo missions in 'Apollo 11'?,Didn't Watch,Disliked It,Liked It,Loved It,Documentaries
Did the portrayal of the competitive world of high-stakes chess resonate with you in 'Bobby Fischer Against the World'?,Didn't Watch,Disliked It,Liked It,Loved It,Documentaries
"How well did 'My Octopus Teacher' balance its scientific observation with its emotional, personal narrative?",Didn't Watch,Disliked It,Liked It,Loved It,Documentaries
Did the film 'Icarus' successfully transition from a doping exposé into a high-stakes investigation?,Didn't Watch,Disliked It,Liked It,Loved It,Documentaries
How engaging was the history and cultural significance of the disco era presented in 'Studio 54'?,Didn't Watch,Disliked It,Liked It,Loved It,Documentaries
Was the deep dive into the world of internet hacking and surveillance compelling in 'Citizenfour'?,Didn't Watch,Disliked It,Liked It,Loved It,Documentaries
How effectively did 'Grizzly Man' explore the complex and tragic relationship between humanity and nature?,Didn't Watch,Disliked It,Liked It,Loved It,Documentaries
Did the documentary 'Man on Wire' successfully create cinematic tension around the tightrope walk between the Twin Towers?,Didn't Watch,Disliked It,Liked It,Loved It,Documentaries
How well did 'The Act of Killing' expose the horrors of the Indonesian mass killings through the perpetrators' reenactments?,Didn't Watch,Disliked It,Liked It,Loved It,Documentaries
Was the critique of fast fashion and its environmental impact compelling in 'The True Cost'?,Didn't Watch,Disliked It,Liked It,Loved It,Documentaries
How effectively did 'Planet Earth' showcase the beauty and fragility of global ecosystems?,Didn't Watch,Disliked It,Liked It,Loved It,Documentaries
Did the film 'Searching for Sugar Man' capture the compelling mystery and musical journey of Sixto Rodriguez?,Didn't Watch,Disliked It,Liked It,Loved It,Documentaries
How well did 'The Social Dilemma' illustrate the manipulative mechanisms of social media platforms?,Didn't Watch,Disliked It,Liked It,Loved It,Documentaries
Was the focus on the meticulous process of winemaking engaging in 'Mondovino'?,Didn't Watch,Disliked It,Liked It,Loved It,Documentaries
How did 'When We Were Kings' use the historical context of the 'Rumble in the Jungle' to explore themes of race and identity?,Didn't Watch,Disliked It,Liked It,Loved It,Documentaries
Did the investigative approach of 'Making a Murderer' challenge your view of the American justice system?,Didn't Watch,Disliked It,Liked It,Loved It,Documentaries
How profound was the exploration of identity and sexuality in Barry Jenkins' Oscar-winning film 'Moonlight'?,Didn't Watch,Disliked It,Liked It,Loved It,Indie/Arthouse
Did the unsettling atmosphere and themes of toxic parenting resonate with you in Ari Aster's 'Hereditary'?,Didn't Watch,Disliked It,Liked It,Loved It,Indie/Arthouse
"How well did the narrative of 'Call Me by Your Name' capture the intense, fleeting romance of a summer spent in Italy?",Didn't Watch,Disliked It,Liked It,Loved It,Indie/Arthouse
"Was the dream-like, heavily stylized aesthetic of David Lynch's 'Mulholland Drive' compelling?",Didn't Watch,Disliked It,Liked It,Loved It,Indie/Arthouse
How did the exploration of loneliness and human connection impact your viewing of Sofia Coppola's 'Lost in Translation'?,Didn't Watch,Disliked It,Liked It,Loved It,Indie/Arthouse
"Did the film 'Lady Bird' succeed in its honest, often humorous portrayal of the mother-daughter relationship?",Didn't Watch,Disliked It,Liked It,Loved It,Indie/Arthouse
How well did the slow-burn narrative and desolate landscape enhance the feeling of isolation in 'The Witch'?,Didn't Watch,Disliked It,Liked It,Loved It,Indie/Arthouse
Was the innovative use of an unreliable narrator and dark comedy effective in 'American Psycho'?,Didn't Watch,Disliked It,Liked It,Loved It,Indie/Arthouse
How did the use of long takes and a minimalist script highlight the protagonist's emotional journey in 'Drive'?,Didn't Watch,Disliked It,Liked It,Loved It,Indie/Arthouse
"Did the film 'Before Midnight' offer a realistic, insightful look at the challenges of long-term love and marriage?",Didn't Watch,Disliked It,Liked It,Loved It,Indie/Arthouse
How well did the quiet naturalism and themes of poverty resonate with you in 'Winter's Bone'?,Didn't Watch,Disliked It,Liked It,Loved It,Indie/Arthouse
Was the exploration of the Hollywood Blacklist and artistic integrity compelling in 'Trumbo'?,Didn't Watch,Disliked It,Liked It,Loved It,Indie/Arthouse
How did the ambiguous ending of 'Birdman or (The Unexpected Virtue of Ignorance)' enhance the themes of artistic validity?,Didn't Watch,Disliked It,Liked It,Loved It,Indie/Arthouse
Did the unique format and emotionally raw performances make 'Blue Valentine' a powerful romantic drama?,Didn't Watch,Disliked It,Liked It,Loved It,Indie/Arthouse
"How well did 'Manchester by the Sea' handle themes of grief, responsibility, and trauma with its subdued storytelling?",Didn't Watch,Disliked It,Liked It,Loved It,Indie/Arthouse
Was the experimental use of camera angles and sound design in Gaspar Noé's 'Enter the Void' memorable?,Didn't Watch,Disliked It,Liked It,Loved It,Indie/Arthouse
"How did the film 'Short Term 12' provide a sensitive, realistic portrayal of troubled teenagers and their caretakers?",Didn't Watch,Disliked It,Liked It,Loved It,Indie/Arthouse
Did the surreal plot and dark humor of Yorgos Lanthimos' 'The Lobster' challenge your ideas about societal norms?,Didn't Watch,Disliked It,Liked It,Loved It,Indie/Arthouse
How effectively did 'Whiplash' convey the intensity and psychological abuse of the pursuit of musical perfection?,Didn't Watch,Disliked It,Liked It,Loved It,Indie/Arthouse
Was the exploration of social isolation and obsession in 'Taxi Driver' compelling?,Didn't Watch,Disliked It,Liked It,Loved It,Indie/Arthouse
How effectively did the film 'Hereditary' use jump scares and build its terrifying atmosphere?,Didn't Watch,Disliked It,Liked It,Loved It,Horror/Supernatural
Did the slow-burn psychological tension of 'The Babadook' make it a memorable horror film for you?,Didn't Watch,Disliked It,Liked It,Loved It,Horror/Supernatural
How well did the body horror and social commentary blend in David Cronenberg's 'The Fly'?,Didn't Watch,Disliked It,Liked It,Loved It,Horror/Supernatural
Was the original 'Halloween' effective in generating suspense through its minimalist score and focus on the unseen killer?,Didn't Watch,Disliked It,Liked It,Loved It,Horror/Supernatural
How did the film 'The Exorcist' use controversial imagery and intense performances to deliver its horror?,Didn't Watch,Disliked It,Liked It,Loved It,Horror/Supernatural
"Did you find the concept of a self-aware, evolving entity terrifying in 'The Thing' (John Carpenter's version)?",Didn't Watch,Disliked It,Liked It,Loved It,Horror/Supernatural
How well did the ambiguous ending and psychological terror of 'The Blair Witch Project' affect you?,Didn't Watch,Disliked It,Liked It,Loved It,Horror/Supernatural
Was the subversion of classic fairy tales and the meta-commentary on the horror genre effective in 'The Cabin in the Woods'?,Didn't Watch,Disliked It,Liked It,Loved It,Horror/Supernatural
How did the use of sound and sudden visual shocks create tension in James Wan's 'The Conjuring'?,Didn't Watch,Disliked It,Liked It,Loved It,Horror/Supernatural
Did the film 'Let the Right One In' (Swedish original) successfully blend vampire horror with a tender coming-of-age story?,Didn't Watch,Disliked It,Liked It,Loved It,Horror/Supernatural
How well did the sense of creeping dread and unsettling imagery work in 'It Follows'?,Didn't Watch,Disliked It,Liked It,Loved It,Horror/Supernatural
Was the exploration of grief and loss through supernatural elements compelling in 'Don't Look Now'?,Didn't Watch,Disliked It,Liked It,Loved It,Horror/Supernatural
How did 'Rosemary's Baby' use psychological manipulation to create a terrifying sense of paranoia?,Didn't Watch,Disliked It,Liked It,Loved It,Horror/Supernatural
Did the film 'Midsommar' successfully use bright daylight and isolated setting to achieve its unsettling horror?,Didn't Watch,Disliked It,Liked It,Loved It,Horror/Supernatural
How well did 'Shaun of the Dead' balance its zombie gore with British comedy and romance?,Didn't Watch,Disliked It,Liked It,Loved It,Horror/Supernatural
Was the social commentary about consumerism the most effective part of George A. Romero's 'Dawn of the Dead'?,Didn't Watch,Disliked It,Liked It,Loved It,Horror/Supernatural
How did 'The Silence of the Lambs' use the dynamic between Clarice and Hannibal Lecter to drive its thriller elements?,Didn't Watch,Disliked It,Liked It,Loved It,Horror/Supernatural
Did the focus on character trauma and the supernatural entity make 'Poltergeist' a memorable horror film?,Didn't Watch,Disliked It,Liked It,Loved It,Horror/Supernatural
How well did the use of body horror and grotesque visual effects in 'Tetsuo: The Iron Man' affect you?,Didn't Watch,Disliked It,Liked It,Loved It,Horror/Supernatural
Was the exploration of the corrupting nature of power compelling in 'The Shining'?,Didn't Watch,Disliked It,Liked It,Loved It,Horror/Supernatural
How visually impressive was the modern interpretation of the classic musical in 'La La Land'?,Didn't Watch,Disliked It,Liked It,Loved It,Musical/Choreography
Did the experimental narrative and use of rock opera make 'Tommy' (The Who film) an engaging experience?,Didn't Watch,Disliked It,Liked It,Loved It,Musical/Choreography
How well did the film 'Cabaret' use its musical numbers to reflect the political and social decay of Weimar Germany?,Didn't Watch,Disliked It,Liked It,Loved It,Musical/Choreography
Was the synchronized dancing and vibrant cinematography the highlight of 'West Side Story' (1961 version)?,Didn't Watch,Disliked It,Liked It,Loved It,Musical/Choreography
How did the over-the-top melodrama and costume design enhance the viewing of Baz Luhrmann's 'Moulin Rouge!'?,Didn't Watch,Disliked It,Liked It,Loved It,Musical/Choreography
Did the raw, emotionally driven performances make 'Les Misérables' a powerful adaptation?,Didn't Watch,Disliked It,Liked It,Loved It,Musical/Choreography
How well did the film 'Chicago' use the concept of fantasy musical sequences to comment on media and fame?,Didn't Watch,Disliked It,Liked It,Loved It,Musical/Choreography
Was the blend of animation and live action in 'Mary Poppins' enchanting?,Didn't Watch,Disliked It,Liked It,Loved It,Musical/Choreography
How did the complex, continuous choreography of the staircase number define the visual style of 'Royal Wedding'?,Didn't Watch,Disliked It,Liked It,Loved It,Musical/Choreography
Did the dark themes and psychological depth of 'Sweeney Todd: The Demon Barber of Fleet Street' work well in the musical format?,Didn't Watch,Disliked It,Liked It,Loved It,Musical/Choreography
How well did the film 'Fiddler on the Roof' handle the themes of tradition and change in a shifting world?,Didn't Watch,Disliked It,Liked It,Loved It,Musical/Choreography
Was the use of non-diegetic music to express character inner thoughts effective in 'Once'?,Didn't Watch,Disliked It,Liked It,Loved It,Musical/Choreography
How did the film 'Across the Universe' creatively use Beatles songs to tell a narrative?,Didn't Watch,Disliked It,Liked It,Loved It,Musical/Choreography
Did the groundbreaking special effects and visual spectacle define the viewing of 'Cats' (2019)?,Didn't Watch,Disliked It,Liked It,Loved It,Musical/Choreography
How well did 'The Sound of Music' balance its musical lightness with its underlying historical context?,Didn't Watch,Disliked It,Liked It,Loved It,Musical/Choreography
Was the exploration of the American Dream and show business compelling in 'Dreamgirls'?,Didn't Watch,Disliked It,Liked It,Loved It,Musical/Choreography
How did the film 'Footloose' use dance as an expression of rebellion against restrictive small-town rules?,Didn't Watch,Disliked It,Liked It,Loved It,Musical/Choreography
Did the inventive choreography and use of color make 'An American in Paris' a memorable musical?,Didn't Watch,Disliked It,Liked It,Loved It,Musical/Choreography
How well did 'Hairspray' use its musical numbers to address issues of racial integration and social change?,Didn't Watch,Disliked It,Liked It,Loved It,Musical/Choreography
Was the blend of horror and musical elements compelling in 'The Rocky Horror Picture Show'?,Didn't Watch,Disliked It,Liked It,Loved It,Musical/Choreography
How did the ambiguous ending and surreal plot of 'Donnie Darko' enhance its cult status?,Didn't Watch,Disliked It,Liked It,Loved It,Cult Classics
"Did the film 'Blade Runner' (Director's Cut) benefit from the removal of the voiceover and the ambiguous ending?",Didn't Watch,Disliked It,Liked It,Loved It,Cult Classics
How well did the absurdist humor and bowling-centric plot of 'The Big Lebowski' resonate with you?,Didn't Watch,Disliked It,Liked It,Loved It,Cult Classics
Was the minimalist action and stylish dialogue of 'Reservoir Dogs' captivating?,Didn't Watch,Disliked It,Liked It,Loved It,Cult Classics
How did the film 'Fight Club' subvert toxic masculinity and consumer culture with its complex narrative twist?,Didn't Watch,Disliked It,Liked It,Loved It,Cult Classics
Did the blend of science fiction, rock music, and social commentary make 'Repo Man' a fascinating cult film?,Didn't Watch,Disliked It,Liked It,Loved It,Cult Classics
How well did the dark comedy and political satire of 'Dr. Strangelove or: How I Learned to Stop Worrying and Love the Bomb' hold up?,Didn't Watch,Disliked It,Liked It,Loved It,Cult Classics
Was the over-the-top violence and unique world-building of 'A Clockwork Orange' memorable?,Didn't Watch,Disliked It,Liked It,Loved It,Cult Classics
How did the film 'Harold and Maude' use dark humor to explore themes of death, life, and unconventional romance?,Didn't Watch,Disliked It,Liked It,Loved It,Cult Classics
Did the inventive stop-motion animation and dark fantasy of 'The Nightmare Before Christmas' define its unique style?,Didn't Watch,Disliked It,Liked It,Loved It,Cult Classics
How well did 'This Is Spinal Tap' satirize the world of rock documentaries and heavy metal bands?,Didn't Watch,Disliked It,Liked It,Loved It,Cult Classics
"Was the blending of reality and virtual reality compelling in 'Tron' (1982)?",Didn't Watch,Disliked It,Liked It,Loved It,Cult Classics
How did the film 'Withnail & I' capture the dark humor and despair of struggling artists?,Didn't Watch,Disliked It,Liked It,Loved It,Cult Classics
"Did the unique, stylized violence and revenge narrative of 'Kill Bill: Vol. 1' live up to the hype?",Didn't Watch,Disliked It,Liked It,Loved It,Cult Classics
How well did the film 'Office Space' resonate as a satirical commentary on corporate life?,Didn't Watch,Disliked It,Liked It,Loved It,Cult Classics
Was the blend of magical realism and coming-of-age themes in 'Amelie' enchanting?,Didn't Watch,Disliked It,Liked It,Loved It,Cult Classics
How did the film 'Rushmore' establish Wes Anderson's signature aesthetic and themes of youthful ambition?,Didn't Watch,Disliked It,Liked It,Loved It,Cult Classics
Did the stylized cinematography and exploration of organized crime make 'Goodfellas' a compelling watch?,Didn't Watch,Disliked It,Liked It,Loved It,Cult Classics
How well did the visual spectacle and themes of morality define 'Akira' as a landmark animated film?,Didn't Watch,Disliked It,Liked It,Loved It,Cult Classics
Was the dark, romantic fantasy and unique visual design of 'Edward Scissorhands' memorable?,Didn't Watch,Disliked It,Liked It,Loved It,Cult Classics
"How did the use of long takes and a bleak, post-apocalyptic landscape contribute to the atmosphere of Andrei Tarkovsky's 'Stalker'?",Didn't Watch,Disliked It,Liked It,Loved It,International Cinema
Did the film 'City of God' effectively use non-professional actors and fast-paced editing to depict life in the Rio favelas?,Didn't Watch,Disliked It,Liked It,Loved It,International Cinema
How well did the themes of political repression and surveillance resonate with you in 'The Lives of Others'?,Didn't Watch,Disliked It,Liked It,Loved It,International Cinema
Was the exploration of childhood innocence and poverty compelling in Vittorio De Sica's 'Bicycle Thieves'?,Didn't Watch,Disliked It,Liked It,Loved It,International Cinema
How did the tragic plot and stunning visuals of Wong Kar-wai's 'In the Mood for Love' convey unspoken romance?,Didn't Watch,Disliked It,Liked It,Loved It,International Cinema
Did the epic scope and historical context of 'Seven Samurai' define it as a masterpiece of international cinema?,Didn't Watch,Disliked It,Liked It,Loved It,International Cinema
"How well did the magical realism and exploration of family history resonate with you in 'Like Water for Chocolate'?",Didn't Watch,Disliked It,Liked It,Loved It,International Cinema
Was the blend of animation, memoir, and political history effective in the French film 'Persepolis'?,Didn't Watch,Disliked It,Liked It,Loved It,International Cinema
How did the use of documentary footage and stark realism in 'Come and See' convey the horrors of WWII?,Didn't Watch,Disliked It,Liked It,Loved It,International Cinema
Did the film 'A Separation' successfully explore complex ethical and marital dilemmas through its tightly written script?,Didn't Watch,Disliked It,Liked It,Loved It,International Cinema
"How well did the exploration of memory, loss, and the Holocaust affect you in the French film 'Shoah' (documentary)?",Didn't Watch,Disliked It,Liked It,Loved It,International Cinema
Was the unique camera work and exploration of familial relationships compelling in 'Roma'?,Didn't Watch,Disliked It,Liked It,Loved It,International Cinema
How did the dark comedy and themes of corruption in 'Trainspotting' make it a memorable British film?,Didn't Watch,Disliked It,Liked It,Loved It,International Cinema
Did the emotional depth and themes of love and sacrifice in 'Pan's Labyrinth' resonate with you?,Didn't Watch,Disliked It,Liked It,Loved It,International Cinema
How well did the film 'Y Tu Mamá También' use its road trip narrative to explore social class and political issues in Mexico?,Didn't Watch,Disliked It,Liked It,Loved It,International Cinema
Was the portrayal of moral decay and religious fanaticism compelling in Ingmar Bergman's 'The Seventh Seal'?,Didn't Watch,Disliked It,Liked It,Loved It,International Cinema
How did the film 'Run Lola Run' use its split narrative and high energy to explore destiny and chance?,Didn't Watch,Disliked It,Liked It,Loved It,International Cinema
"Did the visual poetry and focus on the natural world in Terrence Malick's 'The Tree of Life' enhance its narrative?",Didn't Watch,Disliked It,Liked It,Loved It,International Cinema
How well did the film 'The Hunt' handle the complex, difficult subject of mass hysteria and false accusation?,Didn't Watch,Disliked It,Liked It,Loved It,International Cinema
Was the vibrant color palette and focus on the power of cinema compelling in 'Cinema Paradiso'?,Didn't Watch,Disliked It,Liked It,Loved It,International Cinema
How did the film 'Oldboy' (South Korean original) use its intense violence and complex plot to explore themes of revenge and fate?,Didn't Watch,Disliked It,Liked It,Loved It,International Cinema
Did the coming-of-age story and political backdrop make '400 Blows' a foundational film of the French New Wave?,Didn't Watch,Disliked It,Liked It,Loved It,International Cinema
How well did the exploration of social realism and poverty in 'I, Daniel Blake' affect you?,Didn't Watch,Disliked It,Liked It,Loved It,International Cinema
Was the stylized martial arts choreography and tragic romance compelling in 'Crouching Tiger, Hidden Dragon'?,Didn't Watch,Disliked It,Liked It,Loved It,International Cinema
Did the film 'Spione' (Fritz Lang) set a strong early standard for the espionage thriller genre?,Didn't Watch,Disliked It,Liked It,Loved It,International Cinema